full name,salary,gender,email
Mathian Comiam,1132,Male,mcomiam0@mtv.com
Korney Munns,2290,Female,kmunns1@imgur.com
Isa Caswell,3717,Female,icaswell2@creativecommons.org
Orv Tamburi,1433,Male,otamburi3@dot.gov
Judy Tremmel,1321,Female,jtremmel4@linkedin.com
Reamonn Vuitton,3841,Male,rvuitton5@vimeo.com
Jonie Epton,3442,Female,jepton6@phoca.cz
Colver Clemenceau,1990,Male,cclemenceau7@jimdo.com
Raye Silverwood,3876,Female,rsilverwood8@admin.ch
Electra Galero,3734,Female,egalero9@ocn.ne.jp
Leonanie Corradeschi,3718,Female,lcorradeschia@usda.gov
Gunther Pennington,3093,Male,gpenningtonb@vistaprint.com
Marlo Giamo,2387,Male,mgiamoc@salon.com
Madonna Ganley,2578,Female,mganleyd@sbwire.com
Debee Corthes,1938,Polygender,dcorthese@answers.com
Sibylla Origin,3432,Female,soriginf@google.it
Gertrud Calken,2611,Female,gcalkeng@army.mil
Isabelita Schuck,3836,Female,ischuckh@house.gov
Steven Gotcher,1441,Male,sgotcheri@t.co
Helaina Vamplus,2509,Female,hvamplusj@amazon.com
